{"class_map": {"valid": [{"map95": 0.953880976366717, "map50": 0.989545511568441, "class": "all"}]}}